0.5150722789115646,0.6890625,0.3606235618160297,0.01099340145032945,0.00344491580066734,6.548484536276235e-05,3.090245333292716e-08,6.7425635724221104e-06,-3.5252125052121602e-09,0.003125,0.003125,0.003125,0.003125
0.2831304347826087,0.828,0.7658915051351671,0.029406950718744832,0.0771162727461178,0.0026684343136127806,8.582996115171793e-06,-0.0001386883210671703,3.730409051328444e-05,0.008,0.008,0.008,0.008
0.22007753856306195,0.4209354120267261,1.2773359399030193,0.5095619259814607,0.22697691543135512,0.04873242709620901,-0.0007382281578597014,-0.01153533936369784,0.005071839104506667,0.004464285714285714,0.0044444444444444444,0.004464285714285714,0.0044444444444444444
0.22187037842540236,0.981404958677686,0.8004205129602833,0.0844240714743091,0.027827032378684665,0.027133752666303336,0.000254933446954129,0.0061602924066234055,0.0007006487623462289,0.004132231404958678,0.004132231404958678,0.004132231404958678,0.004132231404958678
0.26064521986502437,0.7360308285163777,0.7383271336186719,0.061914651109744034,0.06209278735119197,0.02007126212572464,0.0007060155555154837,-0.003843122404837807,6.010917555566612e-05,0.003861003861003861,0.0038461538461538464,0.003861003861003861,0.0038461538461538464
0.27075471698113207,0.6367924528301887,0.8528801566510495,0.04559199682140507,0.05765038855545474,0.005754184509653529,-2.1249529930234137e-05,-7.607126413179417e-05,0.00010262690722419935,0.009433962264150943,0.009433962264150943,0.009433962264150943,0.009433962264150943
0.2040846043117579,0.7096219931271478,1.0830626762097353,0.04516938143379388,0.17667024860418223,0.004410925804006111,-0.00011022137130009772,-0.0003484813329625141,-5.4891858621435175e-05,0.001718213058419244,0.001718213058419244,0.001718213058419244,0.001718213058419244
0.2378986866791745,0.6307692307692307,1.0808258538459867,0.15254089345914937,0.26426099141125026,0.08311838826471453,-0.005878209070852822,-0.01543124606203352,0.010825671141881621,0.03125,0.030303030303030304,0.03125,0.030303030303030304
0.31171875,1.25,0.7469300445666966,0.13743032655941875,0.088496563607985,0.008223379082172369,6.09539051374323e-05,0.000496832541602147,0.00021330105037557271,0.0625,0.0625,0.0625,0.0625
0.3769789397240378,1.3235294117647058,0.46681604380130864,0.061472272084623955,0.02005091177318398,0.0018442974935824231,3.9973138385354615e-06,-7.190935260425403e-05,1.047883394099198e-05,0.0196078431372549,0.0196078431372549,0.0196078431372549,0.0196078431372549
0.21348684210526317,2.1052631578947367,0.9949286369830224,0.677398614190452,0.10466257385896208,0.05075799610352666,0.0036939065879708437,0.037915619451751106,-0.00020480555829460734,0.05263157894736842,0.05263157894736842,0.05263157894736842,0.05263157894736842
0.3780487804878049,1.0789473684210527,0.5101387946563762,0.038512737824325224,0.03364515168443022,0.00425989909741672,4.479599337800646e-05,0.00043208294911187457,2.4376210734896572e-05,0.05263157894736842,0.05263157894736842,0.05263157894736842,0.05263157894736842
0.20368613633283641,0.8980891719745223,1.1104007231598296,0.004922561891182353,0.2835358447067332,0.027189502452385793,-0.0018355829576533456,-0.00035853938248406943,0.0015263705450892383,0.01282051282051282,0.012658227848101266,0.01282051282051282,0.012658227848101266
0.2078559738134206,0.2765957446808511,2.0847399357200294,3.216295282625518,1.1666946635958133,0.20032358375462425,-0.07354122547929272,-0.30404210621912253,0.06301286862491103,0.02127659574468085,0.02127659574468085,0.02127659574468085,0.02127659574468085
0.2751881876085698,0.8407643312101911,0.8298337660206152,0.02808982971389957,0.09120357947111231,0.021599169118229858,-0.00025145855954764225,0.003136556814739856,0.0009250862003257646,0.01282051282051282,0.012658227848101266,0.01282051282051282,0.012658227848101266
0.20417582852954577,0.8987341772151899,1.106926424874932,0.005813099545833738,0.2765447763630041,0.025996914110118674,-0.0016774813123854974,-0.0005605378756219117,0.001429991948604103,0.00847457627118644,0.008403361344537815,0.00847457627118644,0.008403361344537815
0.1919191919191919,0.5454545454545454,1.43301088045647,0.7554918741874042,0.587505378917814,0.12409905860599402,-0.021058154884554064,-0.0724203848106056,0.02606516154142228,0.030303030303030304,0.030303030303030304,0.030303030303030304,0.030303030303030304
0.21841606669192876,1.2492307692307691,0.9440790380017523,0.1492498938792088,0.45288070685578774,0.1431564085847682,0.035877775632948306,0.03555583923878212,0.006438352526872887,0.006172839506172839,0.006134969325153374,0.006172839506172839,0.006134969325153374
0.28663594470046083,1.1290322580645162,0.7056711765278664,0.0636841694307629,0.07277944584190632,0.0015355557800534158,-1.4365888743220788e-06,-0.0002306142782349201,1.6169456708997586e-05,0.06666666666666667,0.0625,0.06666666666666667,0.0625
0.2791696492483894,1.1545454545454545,0.8532860389082758,0.11874175368606676,0.09162536725643189,0.0014103545339447445,1.3100849613776556e-05,-0.00019075259059095654,-9.241627988130051e-06,0.01818181818181818,0.01818181818181818,0.01818181818181818,0.01818181818181818
0.14527458492975734,1.0740740740740742,1.4105956837510996,0.41984128892583583,0.7842502209390942,0.22445930827972568,0.05707992976733155,0.033258372013301694,-0.07490484440744284,0.037037037037037035,0.037037037037037035,0.037037037037037035,0.037037037037037035
0.30335484372570365,1.0825688073394495,0.7468312860139338,0.06174640768617001,0.06469761883101775,0.0006504956420688005,-3.4511608973974825e-06,-0.00016155207382621535,-2.4285279037806127e-06,0.0045871559633027525,0.0045871559633027525,0.0045871559633027525,0.0045871559633027525
0.22998027613412228,1.6666666666666667,0.9223518623553051,0.3810756328970609,0.09186451020393749,0.0054811288088336485,-0.00012037748533702917,-0.003350283797427522,2.5227654429603557e-05,0.05263157894736842,0.05,0.05263157894736842,0.05
0.23905325443786982,1.6666666666666667,0.8770387605535053,0.17707257266201257,0.08263910862192879,0.002132387259239865,-1.60407795422392e-05,-0.00044328116226244503,-2.3323219687210433e-05,0.05263157894736842,0.05,0.05263157894736842,0.05
0.22626472626472627,2.108108108108108,0.9714699534802692,0.40885609924518584,0.049259971824067314,0.020479113512601118,0.0005409728439707244,0.012951991816740085,-0.0003611556076593349,0.05555555555555555,0.05263157894736842,0.05555555555555555,0.05263157894736842
0.3161474330846863,1.2325581395348837,0.6303693531602601,0.03344675381449339,0.011582220400227411,0.023263063109389016,-8.37748046260486e-05,0.003936773595140055,0.00037255003940113104,0.023255813953488372,0.023255813953488372,0.023255813953488372,0.023255813953488372
0.20417582852954577,0.8987341772151899,1.106926424874932,0.005813099545833738,0.2765447763630041,0.025996914110118674,-0.0016774813123854974,-0.0005605378756219117,0.001429991948604103,0.00847457627118644,0.008403361344537815,0.00847457627118644,0.008403361344537815
0.2253125,0.5,1.2628656504195521,0.4738662077752606,0.4270574098910991,0.13307731862843447,-0.013524943485398108,-0.0519727493453706,0.028697390676667916,0.025,0.025,0.025,0.025
0.20368613633283641,0.8980891719745223,1.1104007231598296,0.004922561891182353,0.2835358447067332,0.027189502452385793,-0.0018355829576533456,-0.00035853938248406943,0.0015263705450892383,0.01282051282051282,0.012658227848101266,0.01282051282051282,0.012658227848101266
0.24610726643598616,1.0,0.973538954454587,0.0962715512139111,0.21781254813878476,0.002300545780289217,-4.3250804998370806e-05,-0.0005250621730863366,2.795317832604675e-05,0.00980392156862745,0.00980392156862745,0.00980392156862745,0.00980392156862745
0.3769789397240378,1.3235294117647058,0.46681604380130864,0.061472272084623955,0.02005091177318398,0.0018442974935824231,3.9973138385354615e-06,-7.190935260425403e-05,1.047883394099198e-05,0.0196078431372549,0.0196078431372549,0.0196078431372549,0.0196078431372549
0.3161474330846863,1.2325581395348837,0.6303693531602601,0.03344675381449339,0.011582220400227411,0.023263063109389016,-8.37748046260486e-05,0.003936773595140055,0.00037255003940113104,0.023255813953488372,0.023255813953488372,0.023255813953488372,0.023255813953488372
0.3379591836734694,1.0,0.538196878985107,0.03538394384404158,0.03332553091108894,0.014063754505833637,0.00022850671519739237,0.0026364955195441386,0.00020120867661551956,0.058823529411764705,0.05555555555555555,0.058823529411764705,0.05555555555555555
0.4506578947368421,1.0526315789473684,0.3999459584117777,0.02221453419618738,0.01357984676421726,0.0005223562098591284,7.650555200863488e-07,-2.3541059648291125e-05,-1.1619805827195762e-06,0.05263157894736842,0.05263157894736842,0.05263157894736842,0.05263157894736842
0.33714285714285713,1.0,0.5391870766919047,0.03627475054835528,0.033825999601186006,0.014164459868814573,0.0002321815103809699,0.002689253642880494,0.00020547486603403214,0.058823529411764705,0.05555555555555555,0.058823529411764705,0.05555555555555555
0.3495297805642633,2.2758620689655173,0.588646140540457,0.23474899449151673,0.01417149023092545,0.001914144170022781,3.291404681370432e-06,-0.00020488237434382756,-9.410415247524352e-06,0.07142857142857142,0.06666666666666667,0.07142857142857142,0.06666666666666667
0.2997076023391813,1.0555555555555556,0.6365883983111099,0.003239637516384557,0.017280251881365314,0.024115930585532856,-0.00048711023418658,0.0013514991945937375,7.130420399625729e-05,0.05555555555555555,0.05555555555555555,0.05555555555555555,0.05555555555555555
0.34586894586894584,0.8666666666666667,0.582647453240954,0.013972444679402521,0.02720146399346346,0.019956452510922616,-9.706817812150335e-08,0.0020723325022955438,0.0004649659436955345,0.045454545454545456,0.043478260869565216,0.045454545454545456,0.043478260869565216
0.36596736596736595,1.1818181818181819,0.5753486284064261,0.07531394051569223,0.021599186697542794,0.0027525693667546005,1.0127608024560193e-05,0.0005455587463791932,1.865173957182758e-05,0.0625,0.058823529411764705,0.0625,0.058823529411764705
0.37473166368515204,1.323076923076923,0.40027568179056683,0.050486524734912504,0.009497934678907523,0.000654964454507258,-9.61299936648918e-07,-0.00012787154385992118,1.3207935536464233e-06,0.015384615384615385,0.015384615384615385,0.015384615384615385,0.015384615384615385
0.25723544530115094,0.7261146496815286,0.6560128765078611,0.06254304707329983,0.0011832563769442993,0.006885136982781428,-1.965173339841617e-05,-0.0007528947955309743,1.1503734113901885e-07,0.01282051282051282,0.012658227848101266,0.01282051282051282,0.012658227848101266
0.24265922249793218,0.7948717948717948,0.7352932643028472,0.03755985261569368,0.018213464638775323,0.023467153950805838,-0.00018514178568783743,-0.0008281189212161852,0.00044844713908107645,0.01282051282051282,0.01282051282051282,0.01282051282051282,0.01282051282051282
0.24862637362637363,0.8615384615384616,0.5593715691798342,0.039004602573527704,0.02153305359241027,0.007005251171154187,5.5265387637180256e-05,9.452776079940249e-05,-6.594094801428052e-05,0.03125,0.030303030303030304,0.03125,0.030303030303030304
0.3635420168067227,0.74375,0.5425435524617559,0.008863764874444229,0.010822585913831312,0.0005325976264609146,6.87416517649377e-07,4.846689998157433e-05,1.0781928455985862e-06,0.0025,0.0025,0.0025,0.0025
0.31305903398926654,0.6615384615384615,0.5192593031836732,0.048649735732895084,0.006887973547571043,0.002171027781948057,-2.7987491152331394e-06,-0.0003510032666038615,-7.915208654800179e-06,0.03125,0.030303030303030304,0.03125,0.030303030303030304
0.2659251769464105,0.5348837209302325,0.7350337384857292,0.22548316726937365,0.016688083864268156,0.00868650150791178,-2.8289201390889215e-05,-0.0028258707716470213,0.00010068665753797934,0.023255813953488372,0.023255813953488372,0.023255813953488372,0.023255813953488372
0.2659251769464105,0.5348837209302325,0.7350337384857292,0.22548316726937365,0.016688083864268156,0.00868650150791178,-2.8289201390889215e-05,-0.0028258707716470213,0.00010068665753797934,0.023255813953488372,0.023255813953488372,0.023255813953488372,0.023255813953488372
0.3049512378094524,0.6935483870967742,0.5461760969647387,0.05056643767159047,0.011507633615483872,0.008716405018470055,7.176898925263236e-05,0.00041963504447580966,4.969880547033538e-05,0.03225806451612903,0.03225806451612903,0.03225806451612903,0.03225806451612903
0.3396761133603239,0.5846153846153846,0.5729197057018192,0.06196214632826223,0.006929981565628071,0.005711464008792942,7.615936900207912e-06,-0.0006497064609011551,3.5116103227279366e-05,0.03125,0.030303030303030304,0.03125,0.030303030303030304
0.3463757663180671,0.3983050847457627,0.702002420297905,0.21668599253499443,0.0132236426293474,0.005825465100542998,-3.651835565908496e-05,-0.0022352622527067848,3.5785952937947204e-05,0.01694915254237288,0.01694915254237288,0.01694915254237288,0.01694915254237288
0.3635420168067227,0.74375,0.5425435524617559,0.008863764874444229,0.010822585913831312,0.0005325976264609146,6.87416517649377e-07,4.846689998157433e-05,1.0781928455985862e-06,0.0025,0.0025,0.0025,0.0025
0.25896103896103895,0.7857142857142857,0.6333901791793108,0.07338542771762427,0.030320964017057687,0.007931819251717511,5.709460660487498e-05,-0.000663740189545441,-0.00010895407252425934,0.02857142857142857,0.02857142857142857,0.02857142857142857,0.02857142857142857
0.27215007215007214,0.873015873015873,0.5416858509512344,0.04212910370084639,0.015797182946982034,0.0036877776322994803,2.940383047202549e-06,-0.0002605330325793013,-2.7993307549261558e-05,0.03225806451612903,0.03125,0.03225806451612903,0.03125
0.3398453398453398,0.6190476190476191,0.5382655475738616,0.03433665110736526,0.014430125534328625,0.003305244228188517,-1.9600529898782445e-05,-0.0006118918792162965,-1.1699182792449316e-05,0.03225806451612903,0.03125,0.03225806451612903,0.03125
0.25274725274725274,0.8253968253968254,0.6659918514549972,0.08532047466441166,0.007114260587169493,0.010851240408182696,9.531633518173857e-05,0.0013918796804661031,2.2092626789500623e-06,0.03225806451612903,0.03125,0.03225806451612903,0.03125
0.3456140350877193,0.6333333333333333,0.5407823933999034,0.025545875724291574,0.0024826603209087295,0.003969286157011522,-7.464974629880243e-06,-0.0006335436238395604,-9.976590019330999e-06,0.03333333333333333,0.03333333333333333,0.03333333333333333,0.03333333333333333
0.35910931174089067,0.5846153846153846,0.5323507576947256,0.05325734870337608,0.006992536164408007,0.005123043740782045,-3.0511893996241534e-05,-0.0011477532033141644,-3.0366818958231756e-06,0.03125,0.030303030303030304,0.03125,0.030303030303030304
0.24603174603174602,2.5714285714285716,0.6798131146990705,0.2693299807643631,0.1340493226571533,0.04500908265312474,0.0034947850299536986,0.0219464629075359,9.549905643356504e-05,0.14285714285714285,0.14285714285714285,0.14285714285714285,0.14285714285714285
0.2006172839506173,2.0,0.579783796085571,0.11879491085414814,0.05537602472079467,0.003998835065632994,4.711158472062338e-05,0.0007698764107969909,-3.635200979449781e-05,0.1111111111111111,0.1111111111111111,0.1111111111111111,0.1111111111111111
0.32887913841244515,2.369565217391304,0.5738062062883256,0.17479719456096748,0.0026563741777452334,0.002695407644088521,7.186063875356594e-06,0.0010038077168649864,-6.160843855590285e-07,0.043478260869565216,0.043478260869565216,0.043478260869565216,0.043478260869565216
0.4165348101265823,2.46875,0.44423075726152567,0.1251969576194107,0.002979150499572732,0.000818942265015406,1.256166279383954e-06,0.00025539650671101973,-2.414668172272003e-07,0.0625,0.0625,0.0625,0.0625
0.34564860426929395,2.6025641025641026,0.5440747504076596,0.18547028695133433,0.00831843808460646,0.00220167245891558,7.735184785097522e-06,0.0006271190362821201,-5.37994465415566e-06,0.02564102564102564,0.02564102564102564,0.02564102564102564,0.02564102564102564
0.28752870409884373,2.475177304964539,0.6458487872025946,0.2471360140202714,0.006475610623976344,0.00039758535811789503,-6.130638730123427e-07,-0.00015429013511352021,-1.7644140357662892e-07,0.014285714285714285,0.014084507042253521,0.014285714285714285,0.014084507042253521
0.2590127150336574,2.7285714285714286,0.8176960105853118,0.41797081015509935,0.03628832617536373,0.015060167447035297,0.0003473878459944482,0.00952019158270682,-5.7223103113564824e-05,0.02857142857142857,0.02857142857142857,0.02857142857142857,0.02857142857142857
0.41196236559139787,2.5833333333333335,0.4808646952702281,0.14590195391248595,0.008158018996266309,0.0023803148664138306,9.336191509906546e-06,0.0007068627431759413,-4.781177379401759e-06,0.08333333333333333,0.08333333333333333,0.08333333333333333,0.08333333333333333
0.2852461217621907,2.073746312684366,0.5712482909571366,0.15404109290180973,0.005657755881672423,0.00028003366173299767,-2.646695038614781e-07,-0.00010983740213365062,2.3279585484810584e-07,0.005917159763313609,0.0058823529411764705,0.005917159763313609,0.0058823529411764705
0.28837531588815524,2.4680851063829787,0.6447334952381374,0.24564839564595772,0.006448306578934972,0.0003939009246123629,-6.030515641795439e-07,-0.00015201666364119738,-1.7443919200002088e-07,0.014285714285714285,0.014084507042253521,0.014285714285714285,0.014084507042253521
0.3167323747680891,1.375,0.43777112607003005,0.006117408103978838,0.020482624702284576,0.005606342640299116,5.7671286484301136e-05,0.00043840799363688743,1.683257214503543e-05,0.017857142857142856,0.017857142857142856,0.017857142857142856,0.017857142857142856
0.3177011494252874,1.5535714285714286,0.42458043328146594,0.009955526226313075,0.024962151195642723,0.008055109719289074,0.0001107185149917864,0.0007975282066176282,2.8071011559087898e-05,0.007142857142857143,0.007142857142857143,0.007142857142857143,0.007142857142857143
0.38095238095238093,1.696969696969697,0.38331224209770365,0.02144916088015189,0.01540346492560038,0.006097331292809861,5.908952365047579e-05,0.000880876977637878,3.6778012669905143e-07,0.02040816326530612,0.02,0.02040816326530612,0.02
0.3167323747680891,1.375,0.43777112607003005,0.006117408103978838,0.020482624702284576,0.005606342640299116,5.7671286484301136e-05,0.00043840799363688743,1.683257214503543e-05,0.017857142857142856,0.017857142857142856,0.017857142857142856,0.017857142857142856
0.38785288432744397,1.6172106824925816,0.4010767299527257,0.032331962684992166,0.016364763700617423,0.005453933742951951,5.141820104627194e-05,0.000980375470533749,-3.3188046044367993e-06,0.005952380952380952,0.005917159763313609,0.005952380952380952,0.005917159763313609
0.32032560256840287,1.5518292682926829,0.42364415323192695,0.010405963245046399,0.0246255909173256,0.007806859503732982,0.00010518210975811632,0.0007900543797812552,2.556766485330372e-05,0.006097560975609756,0.006097560975609756,0.006097560975609756,0.006097560975609756
0.5305361305361306,1.5734265734265733,0.3021148953053475,0.01639263894021409,0.004075786890480252,0.0018280022566572955,4.977079322809668e-06,0.0002338190874494423,-3.5408141327118347e-07,0.014084507042253521,0.013888888888888888,0.014084507042253521,0.013888888888888888
0.32903225806451614,1.55,0.4272142115969316,0.01169946565801136,0.02165037143609129,0.008852755553322676,0.00012195783934508914,0.0009560327537019013,1.2138860082535904e-05,0.03333333333333333,0.03333333333333333,0.03333333333333333,0.03333333333333333
0.3333333333333333,0.9666666666666667,0.36639526015826807,0.01816769677373831,0.020665657956087886,0.0036168539578656164,3.0158846519021464e-05,0.00048708336413962945,8.259917832115308e-06,0.06666666666666667,0.06666666666666667,0.06666666666666667,0.06666666666666667
0.49137931034482757,0.8275862068965517,0.21760996685939865,0.0019128446141406003,0.0008281652830082148,0.0001383136824643239,3.5967458277227406e-08,3.5662756039334093e-06,-2.996156709063109e-08,0.07142857142857142,0.06666666666666667,0.07142857142857142,0.06666666666666667
0.6040372670807453,0.8214285714285714,0.2036012617519247,0.001797103029215927,0.0020908533133734432,8.432255758656633e-05,1.1370672367439815e-08,5.590048947734834e-07,3.353052277421088e-08,0.07142857142857142,0.07142857142857142,0.07142857142857142,0.07142857142857142
0.557037037037037,1.08,0.222608486167564,0.0014669228204741806,0.001940703826579179,5.4760882191279186e-05,1.7833617369041545e-08,-2.097241638817884e-06,8.084907974185052e-10,0.08333333333333333,0.07692307692307693,0.08333333333333333,0.07692307692307693
0.6271428571428571,0.8928571428571429,0.21778985588228456,0.00025432077951903633,9.457152542280338e-05,5.3118554352158526e-05,3.4847938004663846e-09,9.606962119529074e-08,1.4249319477209085e-09,0.07142857142857142,0.07142857142857142,0.07142857142857142,0.07142857142857142
0.5837912087912088,0.9285714285714286,0.2210012880113984,0.0004172730467264728,0.0032125747669254304,0.00025440967957760695,-1.9811886243716586e-07,2.2477403905218247e-06,-1.1682777644338351e-07,0.07142857142857142,0.07142857142857142,0.07142857142857142,0.07142857142857142
0.6310013717421125,1.0,0.20951693104298516,0.00122244139906675,0.0020440624734723483,0.0001078213630839274,-3.528917655430943e-08,3.6721875085042978e-06,-3.628840052449676e-08,0.07692307692307693,0.07142857142857142,0.07692307692307693,0.07142857142857142
0.5041666666666667,0.8,0.22211610112337205,0.0024216251162493536,0.003852864124635379,0.00021059793329917075,-3.109942636009722e-08,-8.565399021896285e-07,-1.8713592885599783e-07,0.06666666666666667,0.06666666666666667,0.06666666666666667,0.06666666666666667
0.708952380952381,1.008,0.23649143365714173,6.285774919813062e-07,2.178897251419703e-08,1.1546561433215982e-08,1.2472993767151906e-16,8.19198670764954e-12,1.3410775976910801e-16,0.016129032258064516,0.015873015873015872,0.016129032258064516,0.015873015873015872
0.5908197479477396,1.0,0.30078041804419176,6.332001623140727e-12,1.035028948376168e-10,7.113193015343793e-09,3.2533898896987367e-18,1.0249933950408707e-14,5.164026496677178e-18,0.021739130434782608,0.02127659574468085,0.021739130434782608,0.02127659574468085
0.5908197479477396,1.0,0.30078041804419176,6.332001623140727e-12,1.035028948376168e-10,7.113193015343793e-09,3.2533898896987367e-18,1.0249933950408707e-14,5.164026496677178e-18,0.021739130434782608,0.02127659574468085,0.021739130434782608,0.02127659574468085
0.499375,1.0,0.3744270635386143,3.226669842508416e-06,8.01529385610138e-07,4.8307833925000836e-08,-4.47928060526117e-15,8.655405645559078e-11,-8.384223070345783e-15,0.016666666666666666,0.016666666666666666,0.016666666666666666,0.016666666666666666
0.5449275362318841,0.9782608695652174,0.3558667533704978,6.15510153217939e-05,4.628300754218107e-06,1.692994805889484e-07,-1.4093004541207036e-13,-1.8913453392953785e-10,-5.096685830293087e-14,0.043478260869565216,0.043478260869565216,0.043478260869565216,0.043478260869565216
0.3854166666666667,2.6666666666666665,0.5676449938799281,0.2400992578346516,0.08692276926582539,0.042850103652334964,0.002591673033021203,0.019335705264362554,0.0003495383310276165,0.16666666666666666,0.16666666666666666,0.16666666666666666,0.16666666666666666
0.45555555555555555,1.6666666666666667,0.2831366373846169,0.019104182062761876,0.017985301798926056,0.0025031263127624874,1.4800554486548145e-05,0.00021561784364947507,7.938483193353213e-06,0.1111111111111111,0.1111111111111111,0.1111111111111111,0.1111111111111111
0.46238244514106586,1.3181818181818181,0.2825753363294202,0.0029134403566954603,0.009942389517879251,0.00028053635912116614,3.098986858896463e-07,1.2740545205765436e-05,-3.513898010881884e-07,0.09090909090909091,0.09090909090909091,0.09090909090909091,0.09090909090909091
0.4478178368121442,1.8235294117647058,0.30589597463713425,0.038649100879636265,0.009355722871946047,0.0016453427661717714,4.771852449596592e-06,0.00014446909255737915,4.347600688559692e-06,0.125,0.1111111111111111,0.125,0.1111111111111111
0.3378607809847199,1.631578947368421,0.43916737801276257,0.08335893043052706,0.069442927986243,0.013289227299659803,0.00017143072629420634,0.000649456821995662,0.00036549807322871423,0.1111111111111111,0.1,0.1111111111111111,0.1
0.38095238095238093,1.4761904761904763,0.36945400613859886,0.02061863622650322,0.022190717770488,0.001627416138162317,2.602741767049886e-06,1.4258690393039665e-05,9.427185253116959e-06,0.1,0.09090909090909091,0.1,0.09090909090909091
0.5136476426799007,2.3846153846153846,0.3390905463664507,0.06398917119402406,0.010787775646604169,0.005216869843613186,3.881006027280952e-05,0.0013012099113821098,-5.043570061185188e-06,0.16666666666666666,0.14285714285714285,0.16666666666666666,0.14285714285714285
0.32154882154882153,1.8333333333333333,0.4782918627511906,0.05995039222307319,0.07332306402728359,0.01809562677396524,0.0006509885313533837,0.0042444231536747186,-0.00010337134305485839,0.1111111111111111,0.1111111111111111,0.1111111111111111,0.1111111111111111
0.35294117647058826,2.4285714285714284,0.48414111428301476,0.09622426526742038,0.07203935091419122,0.019608019425386713,0.0007367778523879205,0.005353703418619122,1.5727646682761804e-05,0.14285714285714285,0.14285714285714285,0.14285714285714285,0.14285714285714285
0.3075475536567999,2.5977011494252875,0.6043699840832477,0.1582750583587475,0.17197933956531264,0.06481279330684558,0.006840424856185287,0.0251886187814648,0.00017750440043730721,0.023255813953488372,0.022727272727272728,0.023255813953488372,0.022727272727272728
0.30519399249061324,1.8085106382978724,0.48517691703775523,0.021737802921178828,0.08123554585380195,0.00873847926969518,0.0002157915951364073,0.0010070194047359345,8.741153636843168e-05,0.02127659574468085,0.02127659574468085,0.02127659574468085,0.02127659574468085
0.31524782806404517,2.590551181102362,0.5314288604804771,0.08723648846581473,0.1191085645463955,0.04203497181955932,0.00282659018328065,0.009819357006907298,0.0009257241227073594,0.015873015873015872,0.015625,0.015873015873015872,0.015625
0.2833453780960515,3.167741935483871,0.8094739635302206,0.36075318323294764,0.19743031830871222,0.062370727195479134,0.006905281309287783,0.033175586731303844,0.0004683793998956553,0.012987012987012988,0.01282051282051282,0.012987012987012988,0.01282051282051282
0.3326164874551971,3.1,0.5957452319753365,0.1858994494486897,0.1527682224751828,0.06618900291877836,0.006631472662666768,0.02657732945853455,0.0005676490969688287,0.06666666666666667,0.06666666666666667,0.06666666666666667,0.06666666666666667
0.4036458333333333,2.6666666666666665,0.6295485213655132,0.3203448478868451,0.08477206852012814,0.05510006481586155,0.003752432365226021,0.0303943103712883,0.00031674106162194317,0.16666666666666666,0.16666666666666666,0.16666666666666666,0.16666666666666666
0.33137254901960783,2.2666666666666666,0.7021371676401534,0.34193131109462055,0.1884112278625799,0.10276150879024255,0.014073265244315023,0.05582188205663592,0.002529510257973855,0.14285714285714285,0.125,0.14285714285714285,0.125
0.31640625,2.0,0.6650693585929577,0.27506521162665953,0.20644770033870458,0.10382792284297208,0.01504004927834127,0.052294459958835124,0.002207192079282815,0.125,0.125,0.125,0.125
0.3445378151260504,2.4285714285714284,0.7198719820519145,0.34333043008641256,0.19976981361203783,0.1009456896969483,0.01408819486106735,0.05590069990888784,0.002648387007555309,0.14285714285714285,0.14285714285714285,0.14285714285714285,0.14285714285714285
0.30330882352941174,2.125,0.6674743022511619,0.29712850985826966,0.2017564217069518,0.10105099870170571,0.014139491499090398,0.05146508403241816,0.002873963488994635,0.125,0.125,0.125,0.125
0.3975694444444444,1.7777777777777777,0.39752538702466966,0.04894734811015664,0.03965692007681311,0.015734585314215364,0.000368700106451136,0.003297220110897472,0.00013617900957145783,0.1111111111111111,0.1111111111111111,0.1111111111111111,0.1111111111111111
0.3628472222222222,1.7777777777777777,0.47208924116986034,0.08225275989684071,0.0593678158383256,0.01973445692580855,0.0006059991608300159,0.004664428984579152,0.0002983956266107068,0.1111111111111111,0.1111111111111111,0.1111111111111111,0.1111111111111111
0.353515625,2.0,0.5080282595816579,0.1235131248316556,0.10951044339971744,0.06224929376163264,0.0050561841685122415,0.020214539829546217,0.000922226056689677,0.125,0.125,0.125,0.125
0.345703125,2.0,0.5732606727255645,0.23180588954251963,0.08755902963300596,0.05448352184654278,0.00373816848759988,0.025255630123518523,0.0004326419295331834,0.125,0.125,0.125,0.125
0.2867647058823529,2.125,0.6897747770528836,0.33231716700672964,0.207953409772832,0.12078942150661205,0.018943832038535443,0.06360768853130276,0.0027592232329131158,0.125,0.125,0.125,0.125
0.40641711229946526,3.090909090909091,0.7088075430091851,0.3961218250485483,0.14565419332777413,0.08685305646282648,0.009658582815893366,0.05054108068180497,0.0014629849740006758,0.2,0.16666666666666666,0.2,0.16666666666666666
0.23333333333333334,3.3333333333333335,1.3532232390200778,1.4720383665047936,1.6319956154337236,1.1478867522828045,1.5667695023214985,1.3417144516717643,0.1167759795559663,0.08333333333333333,0.08333333333333333,0.08333333333333333,0.08333333333333333
0.22281167108753316,2.689655172413793,1.0507178009909137,0.7548891449986976,1.103337900842766,0.7421714068732327,0.6689998881348701,0.6173594508747556,0.05903829554155887,0.07142857142857142,0.06666666666666667,0.07142857142857142,0.06666666666666667
0.20951704545454544,2.909090909090909,1.1426765151256946,0.8973489996607168,1.6476300814285996,1.181324357648372,1.643691030864813,1.0864199257325,0.12047340913318116,0.09090909090909091,0.09090909090909091,0.09090909090909091,0.09090909090909091
0.1516387868897049,2.847545219638243,1.6069356471670773,1.7638248204765163,4.463246608201342,3.1739124725969434,11.91593873643068,4.100633536500687,0.8451416332749488,0.0051813471502590676,0.005154639175257732,0.0051813471502590676,0.005154639175257732
0.202750092284976,2.7301587301587302,1.192546376701078,0.9735070699611139,1.683542477299609,1.1385685164490362,1.5705764628459054,1.0780363773198156,0.13471324595895895,0.03225806451612903,0.03125,0.03225806451612903,0.03125
0.29791666666666666,2.1333333333333333,0.5811264387233872,0.20295301517191702,0.22202300389626106,0.14382907715222312,0.025529193172693435,0.062129930396596075,0.0029764937414219726,0.14285714285714285,0.125,0.14285714285714285,0.125
0.25,2.909090909090909,0.8509755353117956,0.47662766948679236,0.8991301370478646,0.685696923939122,0.5378554651632165,0.46451677267283037,0.024333167526169625,0.2,0.16666666666666666,0.2,0.16666666666666666
0.16828752642706132,3.1272727272727274,1.6021318526397867,1.878186286169624,3.861401354598904,2.6814069662781908,8.602647779171793,3.5277834092060987,0.6626021183487114,0.01818181818181818,0.01818181818181818,0.01818181818181818,0.01818181818181818
0.211882010801828,2.8620689655172415,1.1862672878455494,1.0066013998851204,1.526220612589116,1.0479690097326946,1.321134892791299,1.0120433314321793,0.10564640280814513,0.07142857142857142,0.06666666666666667,0.07142857142857142,0.06666666666666667
0.2924242424242424,2.933333333333333,1.0015644610969145,0.804969908216413,0.5414869511872218,0.3580809034871033,0.1570110946438086,0.3063219626628572,0.014465603836779403,0.14285714285714285,0.125,0.14285714285714285,0.125
0.21170809943865276,2.9655172413793105,1.2271431602526643,1.1082196207331487,1.7030827305608711,1.2030757482040646,1.7174646494722017,1.2232003446398896,0.12621189770562047,0.07142857142857142,0.06666666666666667,0.07142857142857142,0.06666666666666667
0.16681244533300013,2.849056603773585,1.467550153479299,1.4774566073593247,3.290408325970005,2.3051711982564345,6.330946724971131,2.7187569112220364,0.4734479029872416,0.038461538461538464,0.037037037037037035,0.038461538461538464,0.037037037037037035
0.26373626373626374,2.7857142857142856,0.9698940114883401,0.7047484212223152,0.655879448377899,0.4358719669390348,0.23199623676741982,0.34901363176408995,0.022144450142394287,0.14285714285714285,0.14285714285714285,0.14285714285714285,0.14285714285714285
0.30317460317460315,3.2142857142857144,1.050365025414506,0.9186134223048522,0.5058552216326374,0.3342809664799653,0.13692146168364686,0.3069911594497701,0.012171072015607963,0.14285714285714285,0.14285714285714285,0.14285714285714285,0.14285714285714285
0.19907407407407407,2.871794871794872,1.335986851728922,1.2864458301721369,1.5716512487699366,0.9504941723205227,1.1525856045780905,1.0255588076099658,0.14541262752274187,0.017241379310344827,0.01694915254237288,0.017241379310344827,0.01694915254237288
0.37967914438502676,3.090909090909091,0.7505808008136098,0.47619038892907234,0.13674959001307,0.08833074255340581,0.009675967136661846,0.05951073721275206,0.0007882821425457024,0.2,0.16666666666666666,0.2,0.16666666666666666
0.3639705882352941,1.8823529411764706,0.5366810900557454,0.21159473831764886,0.08196570681639544,0.04962694670295863,0.0031572784160258456,0.022494999051582917,0.00022289309412531176,0.125,0.1111111111111111,0.125,0.1111111111111111
0.6238095238095238,1.8666666666666667,0.23932916861461584,0.016140099092149585,0.007538500886423206,0.0025916647382437418,1.141814440717606e-05,0.0003292407748252839,9.232818026741925e-07,0.14285714285714285,0.125,0.14285714285714285,0.125
0.3342245989304813,3.090909090909091,0.7984465920000001,0.5180693245214067,0.37831228001729506,0.2929626034399636,0.0974312167594664,0.2057763892508765,0.004414743620061827,0.2,0.16666666666666666,0.2,0.16666666666666666
0.3198587127158556,3.25,0.8134639977814451,0.5225976058991286,0.6431180316555215,0.5237131803457946,0.3037935395922633,0.3718901199610188,0.00938336143217712,0.07142857142857142,0.07142857142857142,0.07142857142857142,0.07142857142857142
0.32142857142857145,3.25,0.8148898739854384,0.5242908975606073,0.6445013200430101,0.5273175140102443,0.30727779918375864,0.3751840734047277,0.009067712597997254,0.07142857142857142,0.07142857142857142,0.07142857142857142,0.07142857142857142
0.20954045954045955,2.0681818181818183,0.8187230160706549,0.4586927704867433,0.7298835319742812,0.5218851229517012,0.3212924292369109,0.343570937293316,0.02277797682177736,0.045454545454545456,0.045454545454545456,0.045454545454545456,0.045454545454545456
0.32371794871794873,3.25,0.7988755722123205,0.4980675393168099,0.6385893806319318,0.5352411972965118,0.31283229938021034,0.37226315128772064,0.007463359206166614,0.08333333333333333,0.08333333333333333,0.08333333333333333,0.08333333333333333
0.3294314381270903,3.391304347826087,0.780399208388791,0.47241416353484733,0.6804157871110665,0.5742912441148471,0.35889668150212006,0.38936391921717584,0.008297648379882616,0.09090909090909091,0.08333333333333333,0.09090909090909091,0.08333333333333333
0.3188405797101449,3.391304347826087,0.808091470396932,0.5117849122472569,0.7390150891918759,0.6200179815156288,0.4195748730235218,0.43716656601695825,0.010011941635174798,0.09090909090909091,0.08333333333333333,0.09090909090909091,0.08333333333333333
0.4559139784946237,2.066666666666667,0.4124733630782457,0.10183662130353477,0.04430136223889626,0.02151055645203843,0.0006502564087285416,0.006128610349588063,0.0001345325501642278,0.14285714285714285,0.125,0.14285714285714285,0.125
0.46236559139784944,2.066666666666667,0.400861307809375,0.0850478763371528,0.060254669217220364,0.03167059710335827,0.0013789548661101254,0.009133278156608743,0.00011207464102406617,0.14285714285714285,0.125,0.14285714285714285,0.125
0.3958333333333333,2.1333333333333333,0.4951422947951599,0.1579562961943684,0.09813092099350043,0.058564121875234486,0.00440890291435669,0.022254368814230728,0.0005217448049539466,0.14285714285714285,0.125,0.14285714285714285,0.125
0.25443786982248523,3.0,0.7634650384848481,0.41291516648784654,0.9847635395715356,0.8497798208758207,0.7772120592491648,0.5381777964856235,0.015475095932500682,0.16666666666666666,0.14285714285714285,0.16666666666666666,0.14285714285714285
0.2757419745608722,3.2564102564102564,0.8657329642777574,0.5735014258779865,1.0978108076584876,0.9308661318968425,0.9407408098236516,0.6940466598243828,0.022538917116657786,0.02564102564102564,0.02564102564102564,0.02564102564102564,0.02564102564102564
0.22923212625846065,2.9104938271604937,0.8694635573055453,0.5191631287494369,1.3592566462508326,1.1345543613660805,1.4081031882695474,0.796041655726698,0.04819313949436144,0.0030864197530864196,0.0030864197530864196,0.0030864197530864196,0.0030864197530864196
0.2859209656084656,3.4285714285714284,0.8688588633862124,0.5893876776692271,1.093533786854471,0.9431828316226275,0.9576879655286035,0.714477812639797,0.019049984200928016,0.023809523809523808,0.023809523809523808,0.023809523809523808,0.023809523809523808
0.2995169082125604,2.739130434782609,0.7326027911848073,0.3915537123943257,0.47760806795479405,0.36823486814093587,0.15424653188294696,0.22299359769520885,0.00746330900836345,0.09090909090909091,0.08333333333333333,0.09090909090909091,0.08333333333333333
0.2569633152173913,2.782608695652174,0.7775765621799884,0.42264159927927725,0.8531591419291642,0.71321578265134,0.5561534721027839,0.4517145304274853,0.01470664600399929,0.043478260869565216,0.043478260869565216,0.043478260869565216,0.043478260869565216
0.2759494293585203,2.7768595041322315,0.7830161794496815,0.4381994123428056,0.7094897429918872,0.5653718765303823,0.3578342299692198,0.3631743882814081,0.013137098813225168,0.016666666666666666,0.01639344262295082,0.016666666666666666,0.01639344262295082
0.48834498834498835,2.3636363636363638,0.4014095485441911,0.10586664323727858,0.037374688955225346,0.022862303405766407,0.0006644885139718243,0.007119367022576036,7.1234603110159e-05,0.0625,0.058823529411764705,0.0625,0.058823529411764705
0.23931623931623933,2.888888888888889,0.7771330087463558,0.40860115459199914,1.1149984834803508,0.959488558812636,0.9922080742672903,0.5991223254660434,0.020655053871394546,0.045454545454545456,0.043478260869565216,0.045454545454545456,0.043478260869565216
0.34558823529411764,2.8333333333333335,0.6793242487838096,0.34845396134851214,0.302237181754794,0.22885312300901242,0.0601046489311952,0.13077900616415583,0.0031646189031490773,0.16666666666666666,0.16666666666666666,0.16666666666666666,0.16666666666666666
0.25153846153846154,2.8846153846153846,0.7809646738016652,0.41946492582382416,1.0001325828039596,0.8474909615484956,0.7800209494035302,0.5356192964486818,0.01872747478239406,0.038461538461538464,0.038461538461538464,0.038461538461538464,0.038461538461538464
0.35714285714285715,2.9166666666666665,0.6610234074074073,0.327778394154491,0.2985086770049923,0.230012925492735,0.06020940830610509,0.12840145972468647,0.002719298173213383,0.16666666666666666,0.16666666666666666,0.16666666666666666,0.16666666666666666
0.25153846153846154,2.8846153846153846,0.7809646738016652,0.41946492582382416,1.0001325828039596,0.8474909615484956,0.7800209494035302,0.5356192964486818,0.01872747478239406,0.038461538461538464,0.038461538461538464,0.038461538461538464,0.038461538461538464
0.3181818181818182,3.090909090909091,0.6106023229855462,0.24939465298387586,0.49004820294032625,0.41273560040899,0.18557005403060756,0.2031091890461979,0.004352072878692589,0.2,0.16666666666666666,0.2,0.16666666666666666
0.23034062237174097,2.8275862068965516,0.7043450033495904,0.3067421705829001,1.021345476168446,0.888864115226808,0.8467644574089956,0.4795336207917776,0.015923280452752542,0.034482758620689655,0.034482758620689655,0.034482758620689655,0.034482758620689655
0.20954045954045955,2.0681818181818183,0.8187230160706549,0.4586927704867433,0.7298835319742812,0.5218851229517012,0.3212924292369109,0.343570937293316,0.02277797682177736,0.045454545454545456,0.045454545454545456,0.045454545454545456,0.045454545454545456
0.32371794871794873,3.25,0.7988755722123205,0.4980675393168099,0.6385893806319318,0.5352411972965118,0.31283229938021034,0.37226315128772064,0.007463359206166614,0.08333333333333333,0.08333333333333333,0.08333333333333333,0.08333333333333333
0.24897959183673468,1.6666666666666667,0.6030228994529973,0.2113372049566703,0.09625143224032881,0.0414087015295625,0.002548786442771502,0.012273117811182215,0.0005812046249142198,0.1,0.09090909090909091,0.1,0.09090909090909091
0.22588235294117648,1.36,0.6848578276457612,0.23799956262203725,0.09127695700476993,0.008640660137478724,-5.094160293589426e-05,-0.0030204392780013444,0.00023725425054243673,0.08333333333333333,0.07692307692307693,0.08333333333333333,0.07692307692307693
0.24353741496598638,1.6666666666666667,0.6867510359893285,0.29829816285646243,0.03720187640335236,0.010285830869102272,0.00020039740854979594,0.0036055732907643596,-1.802326818296863e-05,0.1,0.09090909090909091,0.1,0.09090909090909091
0.34375,1.6,0.5026610631104433,0.1530101856772167,0.023216291307582317,0.002880493118659432,1.635361783960428e-05,0.0007217657795100705,-1.6953816676347396e-05,0.1,0.1,0.1,0.1
0.23529411764705882,1.7,0.8250449218749998,0.4779868165931698,0.04667289366167707,0.003507942438070519,1.2061998299766868e-05,0.0007190213584569048,-4.323496905819033e-05,0.1,0.1,0.1,0.1
0.29256965944272445,1.7894736842105263,0.570092526308758,0.15168945045607118,0.08081829195618492,0.018229773416992664,0.0006167891511370303,0.0034761809432803073,0.00033043115933891165,0.1111111111111111,0.1,0.1111111111111111,0.1
0.24857142857142858,1.75,0.6777698810787499,0.2231026178293412,0.12789474438844667,0.008678348985600753,-0.00028678609700437277,-0.004099032525183121,3.668245491139566e-05,0.1,0.1,0.1,0.1
0.24081632653061225,1.6666666666666667,0.6897149317260429,0.19575349933449052,0.14356532444596992,0.007946078883698417,-0.00022882563785796086,-0.0029561994932689236,-0.00014024249755254564,0.1,0.09090909090909091,0.1,0.09090909090909091
0.31919642857142855,1.1428571428571428,0.44860281778957517,0.07232994706626605,0.01601265121924461,0.0017731066286968693,9.09737230369859e-06,-2.6787037608396933e-05,2.549521905703359e-06,0.07142857142857142,0.07142857142857142,0.07142857142857142,0.07142857142857142
0.3294270833333333,1.3333333333333333,0.42871083408045935,0.041567997437193305,0.04096734547356545,0.0008630091677115214,-4.102849590497343e-06,-0.00017412000862280038,3.0819859992186023e-06,0.08333333333333333,0.08333333333333333,0.08333333333333333,0.08333333333333333
0.2680995475113122,1.3076923076923077,0.565260970640667,0.10697415044147511,0.058726507348431226,0.003996451657904747,5.390361468010951e-05,-0.00013579822714033358,2.903279768779104e-05,0.07692307692307693,0.07692307692307693,0.07692307692307693,0.07692307692307693
0.30637254901960786,1.4166666666666667,0.4434138239999999,0.05751543160127897,0.03379426002570425,0.003547999464185467,3.877097612298119e-05,0.0002631322937697457,2.484751103353259e-06,0.08333333333333333,0.08333333333333333,0.08333333333333333,0.08333333333333333
0.3123249299719888,1.619047619047619,0.49771717867794113,0.09530514541587026,0.05574440495415242,0.004474454993908932,-1.947155547320948e-05,-0.0009608496541498044,6.793047998218701e-05,0.1,0.09090909090909091,0.1,0.09090909090909091
0.3252840909090909,1.4545454545454546,0.41243288673176415,0.04980107132037116,0.04201125486882099,0.002527249682266577,1.2256087283707405e-06,-0.00033058289366978574,2.601198628124504e-05,0.09090909090909091,0.09090909090909091,0.09090909090909091,0.09090909090909091
0.4114583333333333,1.7777777777777777,0.45432256016408606,0.09776985136391927,0.032389522138869996,0.0082813110579155,0.00012193754929577935,0.001543113283937037,5.9382830366232434e-05,0.1111111111111111,0.1111111111111111,0.1111111111111111,0.1111111111111111
0.4618055555555556,1.7777777777777777,0.357466855277716,0.05477149097953189,0.01087329581813686,0.003601164504407348,2.2342315983987562e-05,0.0006791935728570605,2.9356198698800887e-06,0.1111111111111111,0.1111111111111111,0.1111111111111111,0.1111111111111111
0.40773809523809523,1.5238095238095237,0.4020337250466971,0.05614603324731199,0.026343170242528635,0.004636948877512677,4.171585723092528e-05,0.00040129893157043035,2.9769313115788125e-05,0.1,0.09090909090909091,0.1,0.09090909090909091
0.390625,1.6,0.43769216,0.08656215152066557,0.023340326897859455,0.0031551225890662496,1.1785442060842132e-05,-0.00019409603896062693,2.4376024596506427e-05,0.1,0.1,0.1,0.1
0.29901960784313725,1.8888888888888888,0.5465169461891657,0.1422628648675272,0.05412051376393558,0.004650926440892092,1.490400660168827e-05,-0.0004173895022804388,7.226790724579801e-05,0.1111111111111111,0.1111111111111111,0.1111111111111111,0.1111111111111111
0.3180147058823529,2.125,0.6428165154642482,0.3269676064421817,0.010217519100304984,0.0009233368509152925,-2.1052346785269146e-06,-0.00039800364064006413,-1.900298182654423e-06,0.125,0.125,0.125,0.125
0.3123249299719888,1.619047619047619,0.5406167797173687,0.07788405115167908,0.0561132772040195,0.0008689038160750896,-5.555492405110868e-06,-0.00024224909526425874,-2.4388049523620164e-06,0.1,0.09090909090909091,0.1,0.09090909090909091
0.4109375,1.6,0.3868489406037902,0.05893675072241638,0.021238634761632673,0.006212131890545506,6.162400565740752e-05,0.0005591663117939919,3.5972424950920034e-05,0.1,0.1,0.1,0.1
0.23233908948194662,1.8571428571428572,0.803191712013696,0.3977067250114571,0.09895506155643445,0.05256941334398687,0.003715822037569014,0.02636947909594214,-0.0007540853785541421,0.041666666666666664,0.04,0.041666666666666664,0.04
0.24183006535947713,1.2592592592592593,0.7236729059227233,0.22198615353093124,0.07213885220488253,0.002108738705246231,2.2296651312331546e-05,-0.00036930650893222326,1.3390750494916632e-05,0.07692307692307693,0.07142857142857142,0.07692307692307693,0.07142857142857142
0.2284313725490196,1.1333333333333333,0.6330040855105686,0.02168230694694575,0.20998499616989197,0.006351632295438209,0.00012887970402353192,0.0008906730987610098,0.00019286707112703308,0.06666666666666667,0.06666666666666667,0.06666666666666667,0.06666666666666667
0.23747680890538034,1.8333333333333333,0.7937678231133355,0.39137290157858506,0.08209727601487421,0.03542636366441515,0.001885274985463752,0.016227634256851458,-0.0003096279156841287,0.047619047619047616,0.047619047619047616,0.047619047619047616,0.047619047619047616
0.22935804899387577,1.7638888888888888,0.7960045714333532,0.3815857966603246,0.08866241023084097,0.03350731119935843,0.0018192642028101445,0.013929130702727242,-0.0001604905643226496,0.013888888888888888,0.013888888888888888,0.013888888888888888,0.013888888888888888
0.2149891939718318,1.7064676616915422,0.803832566252826,0.42335655546442835,0.08734545980396029,0.06556506928305798,0.004880997668984207,0.03640818188017313,-0.0008911527363634825,0.01,0.009900990099009901,0.01,0.009900990099009901
0.39264849074975655,1.5192307692307692,0.35964463614720577,0.056848774178563696,0.00854484672300226,0.0020281677524245944,8.442722851257812e-06,0.0002600513854521547,-9.134091866003207e-08,0.038461538461538464,0.038461538461538464,0.038461538461538464,0.038461538461538464
0.23274655355249205,1.7826086956521738,0.8222165294438994,0.513673413708657,0.32299570760173724,0.3108932000802911,0.09851476290064867,0.22170282823767934,0.0007880265586445931,0.017543859649122806,0.017241379310344827,0.017543859649122806,0.017241379310344827
0.2887700534759358,1.5454545454545454,0.5647836568993548,0.18698750710583767,0.02600760582591437,0.010007690199318218,0.0001555520835263846,0.0024510027909571295,4.3257396964722266e-05,0.09090909090909091,0.09090909090909091,0.09090909090909091,0.09090909090909091
0.239247311827957,1.7222222222222223,0.7717817037712664,0.39097693528553823,0.06134340931506277,0.03158436271632295,0.0013842468386338262,0.014604573768141558,-0.00012903056385859678,0.05555555555555555,0.05555555555555555,0.05555555555555555,0.05555555555555555
0.20383575116793706,1.6938775510204083,0.9079898990796734,0.5502808491444797,0.134002917801958,0.12090779864295159,0.015088635232167379,0.0796798731427471,-0.0030307034867833303,0.02040816326530612,0.02040816326530612,0.02040816326530612,0.02040816326530612
0.2149891939718318,1.7064676616915422,0.803832566252826,0.42335655546442835,0.08734545980396029,0.06556506928305798,0.004880997668984207,0.03640818188017313,-0.0008911527363634825,0.01,0.009900990099009901,0.01,0.009900990099009901
0.3369140625,1.0,0.2719961523124175,0.0010765053151597724,0.0012532345166972342,2.859307570795381e-05,-4.7377526549413525e-09,8.958647702304269e-07,-2.6172787242670145e-09,0.0625,0.0625,0.0625,0.0625
0.34615384615384615,1.2307692307692308,0.29745202921382025,0.0233086720221563,0.0030461969903854756,0.000993369171495644,1.4572842140957966e-06,0.00011983458861423695,9.286141268925952e-07,0.07692307692307693,0.07692307692307693,0.07692307692307693,0.07692307692307693
0.4008152173913043,1.391304347826087,0.295462106641867,0.020625165136430416,0.001132784345637405,0.00021135917711459338,6.781720438183829e-08,2.2615346841263676e-05,7.808047217449608e-08,0.09090909090909091,0.08333333333333333,0.09090909090909091,0.08333333333333333
0.3219814241486068,1.7894736842105263,0.3819781769173873,0.05952710918055966,0.010977497854428598,0.003830132455014133,1.946644783172167e-05,0.0008531985235111574,1.5422643802340217e-05,0.1111111111111111,0.1,0.1111111111111111,0.1
0.5506465517241379,3.625,0.44386810619344524,0.14066165408972117,0.00011260537408409982,2.2602034385109355e-05,7.049973228124149e-10,1.1812167496373744e-06,-8.961883043526042e-10,0.125,0.125,0.125,0.125
0.4474053295932679,2.6956521739130435,0.3980675115294893,0.08244408283448623,9.510277969311459e-07,1.7664971971216054e-06,2.289067896341235e-12,5.068610376595368e-07,5.0904508316192906e-14,0.09090909090909091,0.08333333333333333,0.09090909090909091,0.08333333333333333
0.46802721088435373,3.3333333333333335,0.4580519658204232,0.13672104854465753,7.543650962151192e-05,7.548709624838096e-06,7.36698562034824e-11,-4.3332964312573813e-07,1.6438258667619612e-10,0.1,0.09090909090909091,0.1,0.09090909090909091
0.36985507246376814,1.9565217391304348,0.40942171628035506,0.04547037992992143,1.7968345859048731e-06,6.090406153705387e-07,5.1473536254426096e-14,-4.030814203189731e-08,-6.35040527268913e-13,0.017543859649122806,0.017241379310344827,0.017543859649122806,0.017241379310344827
0.4270667666916729,1.3870967741935485,0.31993015390140483,0.014594128276459615,3.5018999977401333e-06,2.022584026143894e-08,3.6921502550966455e-15,2.0871620148922908e-09,3.9170176721245266e-15,0.012987012987012988,0.01282051282051282,0.012987012987012988,0.01282051282051282
0.3130566646191646,1.7837837837837838,0.45259623634566526,0.05099444679874562,1.6088798112866576e-06,3.779583239702803e-07,2.9432577670001903e-13,8.405546495696415e-08,1.547390193030948e-14,0.006756756756756757,0.006756756756756757,0.006756756756756757,0.006756756756756757
0.34124969784868264,2.3452380952380953,0.4661900908512004,0.0857528582336183,6.616126767127996e-06,4.1726398821557136e-06,2.190221791887692e-11,1.1088258859718916e-06,-9.753180812257107e-13,0.023809523809523808,0.023809523809523808,0.023809523809523808,0.023809523809523808
0.4646265459148895,3.4497354497354498,0.47886177300122823,0.15308137466754196,2.0053190475576205e-05,3.657966822167327e-06,2.4669518517264585e-11,4.6552329960835866e-07,1.9311732677674987e-11,0.010638297872340425,0.010526315789473684,0.010638297872340425,0.010526315789473684
0.6557692307692308,0.7692307692307693,0.23235976980729334,0.0046923589186151846,0.0005683173813867037,2.4620506782856987e-05,-2.036559646923313e-09,-1.3798583873360583e-06,-2.0818513854462164e-09,0.07692307692307693,0.07692307692307693,0.07692307692307693,0.07692307692307693
0.6197478991596639,0.6071428571428571,0.25143065259836694,0.011946193713162084,0.00034482438426719817,9.285661796976514e-05,1.297006664796555e-08,1.0059748772586867e-05,-1.038548956512639e-08,0.07142857142857142,0.07142857142857142,0.07142857142857142,0.07142857142857142
0.6491596638655462,0.6071428571428571,0.2641348289730731,0.015900601989302213,0.0005175683227827707,7.05050878903609e-05,-1.8423048415648716e-09,-3.4518533108289253e-06,1.3341756989350041e-08,0.07142857142857142,0.07142857142857142,0.07142857142857142,0.07142857142857142
0.6680161943319838,0.7307692307692307,0.242441745276456,0.007570687114579918,0.0004405974608608766,1.655895445774113e-05,1.6397513736109196e-10,-1.0658800894873486e-06,1.4048566287327822e-09,0.07692307692307693,0.07692307692307693,0.07692307692307693,0.07692307692307693
0.6049382716049383,0.7777777777777778,0.2634474781894962,0.004065493192129476,5.718687340155683e-06,2.7959220900861607e-06,9.725550192229588e-12,-1.628116489506892e-07,5.513855558702062e-12,0.07692307692307693,0.07142857142857142,0.07692307692307693,0.07142857142857142
0.5946745562130178,1.0,0.28094955656607196,6.545565826769989e-05,0.00015364083859098702,4.407063033205102e-05,-7.403560911374249e-10,2.960282309552652e-07,3.5500340805751085e-09,0.07692307692307693,0.07692307692307693,0.07692307692307693,0.07692307692307693
0.5946428571428571,0.7142857142857143,0.29499331325481803,0.0112650608070284,0.00029146736893201906,0.00011808490882852753,1.5789605692284294e-08,5.080759522447015e-06,1.5185950417598157e-08,0.07142857142857142,0.07142857142857142,0.07142857142857142,0.07142857142857142
0.6507936507936508,0.7777777777777778,0.2366766952457386,0.0030797740603368227,0.00024178849485729885,4.2125872347868564e-05,2.5234941756473933e-09,8.338895719385247e-08,-3.4215706364902575e-09,0.07692307692307693,0.07142857142857142,0.07692307692307693,0.07142857142857142
0.6111111111111112,0.6428571428571429,0.2780939096954656,0.013271300880433526,0.0005672467544024251,6.13760700418409e-05,-1.1437560361590916e-08,-7.013731188509012e-06,-5.766293315092894e-10,0.07142857142857142,0.07142857142857142,0.07142857142857142,0.07142857142857142
0.5731292517006803,0.75,0.2990481505210769,0.006118406523570422,0.00015964309313851638,0.00013028680559660702,-2.033229633359492e-09,9.60699394721593e-06,-1.8679624066511633e-08,0.07142857142857142,0.07142857142857142,0.07142857142857142,0.07142857142857142
0.5684380032206119,0.8518518518518519,0.2684063058027379,0.012022254091987043,0.00022692889523236355,1.3980950379741987e-05,4.0600302540352463e-10,1.2309793399423562e-06,6.747710858849357e-10,0.07692307692307693,0.07142857142857142,0.07692307692307693,0.07142857142857142
0.5762987012987013,0.7857142857142857,0.2792842242903962,0.006107222730622572,0.0006178561203126762,3.143607956988888e-05,-3.3638493451592046e-09,-4.580196991211146e-07,-2.8069248274026e-09,0.07142857142857142,0.07142857142857142,0.07142857142857142,0.07142857142857142
0.6895238095238095,0.84,0.2142060041070934,0.004172782981524098,7.338382678991912e-06,3.488639415597908e-07,1.7937683594364552e-14,-1.8882838062915026e-08,-5.579046022286731e-13,0.08333333333333333,0.07692307692307693,0.08333333333333333,0.07692307692307693
0.414195430238211,0.8429752066115702,0.4348404817345465,0.01557456262783096,1.0312827404293886e-07,1.3473784718401153e-08,-1.0822316452836795e-16,-2.647804133396618e-10,4.90455587928929e-16,0.016666666666666666,0.01639344262295082,0.016666666666666666,0.01639344262295082
0.5556733828207847,0.5609756097560976,0.36005270694113367,0.04416963879459362,3.0425976889094202e-05,6.424013046503383e-06,2.1377967944511847e-11,-2.141882924915938e-07,-8.723007325955684e-11,0.05,0.047619047619047616,0.05,0.047619047619047616
0.59375,0.625,0.2991739732583285,0.022337003781587723,2.7350598652610234e-07,9.565238606144663e-08,5.2124049237762345e-15,5.314988771476618e-09,-1.4566822388723936e-14,0.041666666666666664,0.041666666666666664,0.041666666666666664,0.041666666666666664
0.542948038176034,0.5609756097560976,0.3677522987127304,0.04635973832028406,2.1846235613040912e-05,2.873845583707168e-06,-2.0207129073177057e-11,-5.178891735702103e-07,1.0497313560615762e-11,0.05,0.047619047619047616,0.05,0.047619047619047616
0.6107692307692307,0.9615384615384616,0.25333201493291446,0.00017823614641430946,9.774034816519684e-05,6.7950139616265845e-06,7.98883153320993e-11,4.9049842333912354e-08,-1.558300239971365e-10,0.07692307692307693,0.07692307692307693,0.07692307692307693,0.07692307692307693
0.5367700816936329,0.844559585492228,0.31105582206064164,0.006367903148208685,2.5777401131080493e-06,9.936058837087005e-06,-2.4731104901356495e-12,7.176217290600653e-07,5.022441860441212e-11,0.0051813471502590676,0.0051813471502590676,0.0051813471502590676,0.0051813471502590676
0.3518796992481203,1.8421052631578947,0.44115565058475403,0.0975452435804432,0.03143905493226626,0.00819214736949714,0.0001313898304552584,0.002095566261349104,4.631250341908272e-06,0.1111111111111111,0.1,0.1111111111111111,0.1
0.31323529411764706,1.7,0.5486998267829256,0.17871901958048542,0.04426774173609745,0.01037974105992297,0.0001915409938230962,0.0033565187900260135,-0.00011321132392858535,0.1,0.1,0.1,0.1
0.28914285714285715,1.4,0.5679578038587337,0.09169697103046281,0.11196830499196003,0.015626645622975208,0.0004168842887177528,0.0018783507417760234,-0.0005034557033460431,0.08333333333333333,0.07692307692307693,0.08333333333333333,0.07692307692307693
0.3958333333333333,1.1851851851851851,0.31418704130685704,0.022205988075801073,0.01023215046495245,0.0006388747560774767,-1.3536160726010206e-06,-9.454115419229809e-05,9.142741646276679e-07,0.07692307692307693,0.07142857142857142,0.07692307692307693,0.07142857142857142
0.34598214285714285,1.1428571428571428,0.38573804169044346,0.05932294869876047,0.017970027159021688,0.0018752729418640502,-1.0217178067102273e-05,-0.00045609593579041977,3.7570971202452937e-06,0.07142857142857142,0.07142857142857142,0.07142857142857142,0.07142857142857142
0.398989898989899,1.8333333333333333,0.40281360057686066,0.08551810890197081,0.0166346439519576,0.001134575844827882,-4.849212135635524e-06,-0.0003231989251028792,-8.831677941749601e-07,0.1111111111111111,0.1111111111111111,0.1111111111111111,0.1111111111111111
0.3088235294117647,1.7,0.5235644098909403,0.12712967087155538,0.05405487050413352,0.007160314680216698,0.00011150204051476888,0.0016976126164370746,-8.608939309604124e-05,0.1,0.1,0.1,0.1
0.3689839572192513,1.5454545454545454,0.40320965331239017,0.0613131935348073,0.021912291355235782,0.0012128000388711892,-1.3924807838159465e-06,-0.0001706784664992146,6.095085963181979e-06,0.09090909090909091,0.09090909090909091,0.09090909090909091,0.09090909090909091
0.31179830999325586,1.521978021978022,0.4955086536737855,0.11693338266625747,0.029809520953148826,0.002294939132916871,-1.2433652063215822e-05,-0.0006967703611250664,1.4342517970444855e-05,0.01098901098901099,0.01098901098901099,0.01098901098901099,0.01098901098901099
0.2728377065111759,1.7142857142857142,0.6290513551749625,0.23173374456689033,0.05340710745003714,0.0037084048506673055,-4.903827229226765e-05,-0.00178135202833785,1.7859323177933104e-05,0.041666666666666664,0.04,0.041666666666666664,0.04
0.2559161595672752,1.7586206896551724,0.695154897211593,0.28358584300282674,0.06655938678035195,0.011367871681822603,0.0002708538492894538,0.0014856735077874014,0.00015626088602839136,0.034482758620689655,0.034482758620689655,0.034482758620689655,0.034482758620689655
0.24364830145589494,1.8225806451612903,0.7617689161691042,0.34468414271939773,0.07650069191545585,0.006653266755260495,4.65583572480285e-05,-0.0014019940323693552,0.00014269823144681437,0.03225806451612903,0.03225806451612903,0.03225806451612903,0.03225806451612903
0.27538677918424753,1.7555555555555555,0.6411119532802662,0.22829070081536357,0.05458080459976759,0.0031185310314602297,-3.896551997481125e-05,-0.0014873804026427563,1.170638437784885e-05,0.045454545454545456,0.043478260869565216,0.045454545454545456,0.043478260869565216
0.28492935635792777,1.8846153846153846,0.6556537802913172,0.25982441731873696,0.04977693500678898,0.0030299789795452826,-3.231167801075531e-05,-0.0015053124451338907,1.8456103195437026e-05,0.07692307692307693,0.07692307692307693,0.07692307692307693,0.07692307692307693
0.30363175675675674,1.7297297297297298,0.5792641917427783,0.18690928629331258,0.04890497584553706,0.007725096245428705,0.0001055956179270785,0.001339184058244449,-0.00010674885719266886,0.05555555555555555,0.05263157894736842,0.05555555555555555,0.05263157894736842
0.23774802773129333,1.8936170212765957,0.7748995143103543,0.3293530304334927,0.15593803515546942,0.044459269928245164,0.0036289437884898363,0.019071612640347922,-0.000731098288411403,0.02127659574468085,0.02127659574468085,0.02127659574468085,0.02127659574468085
0.23798709060482906,1.8936170212765957,0.7744844404189193,0.32821270704898187,0.15589342703709388,0.04414604737831772,0.0035879286089963514,0.018808347905575153,-0.0007342131368250199,0.02127659574468085,0.02127659574468085,0.02127659574468085,0.02127659574468085
0.2952052664872573,1.2068345323741008,0.5518561271112397,0.17909536215637656,0.023032741310531603,0.010692681463671323,0.00016628064828776092,0.0031684480260497326,2.256073494768527e-05,0.0035971223021582736,0.0035971223021582736,0.0035971223021582736,0.0035971223021582736
0.22808358817533128,1.651376146788991,0.7779486743782711,0.35761493093569374,0.06629131304698756,0.009147556402051303,0.00020292669121532367,0.0008651865133765383,9.779194078836525e-05,0.018518518518518517,0.01818181818181818,0.018518518518518517,0.01818181818181818
0.4133991972831121,1.9268292682926829,0.40108376531994133,0.08954353886783903,0.014876884882490688,0.0017554449197634,6.949455481873514e-07,-0.00020438151255134686,8.943958446948708e-06,0.05,0.047619047619047616,0.05,0.047619047619047616
0.27558706247230835,1.6486486486486487,0.5841046607986489,0.1912291550299047,0.043188459726944364,0.0031975361120251075,-3.0010008057031624e-05,-0.0013626521647020194,2.261266059077067e-05,0.05555555555555555,0.05263157894736842,0.05555555555555555,0.05263157894736842
0.27705627705627706,1.8333333333333333,0.6583823254087575,0.2694651513302844,0.044840396687777985,0.003907086419733319,-4.57311979429565e-06,-0.0012666135551220351,5.151213177282581e-05,0.047619047619047616,0.047619047619047616,0.047619047619047616,0.047619047619047616
0.28503401360544217,1.836734693877551,0.641732769278643,0.2492093752944064,0.04773026925729393,0.0033446175587975285,-3.6631790680145586e-05,-0.0016326155101858422,2.1069262235522418e-05,0.041666666666666664,0.04,0.041666666666666664,0.04
0.2702535559678417,1.8333333333333333,0.6686307530618295,0.27380997716513195,0.047280490391722045,0.006212115459065644,6.71834245127172e-05,-0.00029515289578362406,8.258837396878263e-05,0.047619047619047616,0.047619047619047616,0.047619047619047616,0.047619047619047616
0.25042168674698795,1.66,0.6695072687388381,0.25964747093669605,0.05911148871484204,0.005360943635643774,3.8069972602184125e-07,-0.00165086821191499,9.543207230568492e-05,0.02,0.02,0.02,0.02
0.28714285714285714,1.75,0.5389820285469018,0.1732711276133203,0.05026960378375632,0.005192277051406617,-6.493770599965016e-05,-0.0018014516979254966,-5.3103261254978313e-05,0.1,0.1,0.1,0.1
0.30084033613445377,2.0588235294117645,0.5486545782210958,0.18892357618774935,0.06962448435091045,0.00761557255511788,-0.00015952795178808185,-0.0031171734683347082,7.281875467915133e-05,0.125,0.1111111111111111,0.125,0.1111111111111111
0.3058823529411765,2.0588235294117645,0.5617800114388687,0.20940285855876897,0.054312952656642544,0.006518661998497549,-7.58980497086866e-05,-0.002344012591553287,9.635363091308605e-05,0.125,0.1111111111111111,0.125,0.1111111111111111
0.3596638655462185,2.0588235294117645,0.5532778237172085,0.21401536903951557,0.026685309492154276,0.0040312578093199235,-1.3280079772411226e-06,-0.000762820645340933,4.179052355778322e-05,0.125,0.1111111111111111,0.125,0.1111111111111111
0.28449612403100777,2.0930232558139537,0.7226033692381247,0.3635361040195635,0.058354851839240184,0.00897487691945377,9.981273037941423e-05,0.0005496586764933836,-0.00017950723757718538,0.047619047619047616,0.045454545454545456,0.047619047619047616,0.045454545454545456
0.28878098645540506,2.116279069767442,0.7303859145871122,0.37568966847572066,0.04722242772774111,0.004082244202428296,-3.847694644367421e-05,-0.001878989043427731,-4.161778769145102e-05,0.047619047619047616,0.045454545454545456,0.047619047619047616,0.045454545454545456
0.28594080338266387,2.046511627906977,0.7424921689768653,0.39036845735061226,0.059698097020213364,0.010122151084407312,0.00015317943824358018,0.0014298890406474686,-0.00019608325825901083,0.047619047619047616,0.045454545454545456,0.047619047619047616,0.045454545454545456
0.2876204595997035,1.868421052631579,0.6058807309682656,0.22277198151222505,0.061327991636709364,0.007036473087379264,-1.1506297942387553e-05,-0.0012246224795722123,-0.00014571765572507064,0.05263157894736842,0.05263157894736842,0.05263157894736842,0.05263157894736842
0.3570691434468524,2.6842105263157894,0.6302681278254492,0.2887952721023342,0.04530133518289971,0.006438457425353192,2.439702229595429e-05,-0.00021459463055208561,0.00010721765555743291,0.1111111111111111,0.1,0.1111111111111111,0.1
0.26451041205139564,2.4262295081967213,0.8335456352853707,0.4959640041423584,0.08897780461983518,0.007368726158313546,-0.000186621544352384,-0.0051463340743038224,-2.7805251514873784e-05,0.03333333333333333,0.03225806451612903,0.03333333333333333,0.03225806451612903
0.23859820171162388,1.7745098039215685,0.8197986299286952,0.4732346163982487,0.10274435332235296,0.03087332477138366,0.001689618339484186,0.01886269072319428,-0.0004107034182448571,0.0196078431372549,0.0196078431372549,0.0196078431372549,0.0196078431372549
0.2419170439475008,1.7747747747747749,0.8033160103561101,0.45164594082916665,0.09662596803915786,0.028009383038288996,0.0014098813399517048,0.016627814355545834,-0.0003681046070587033,0.01818181818181818,0.017857142857142856,0.01818181818181818,0.017857142857142856
0.31609762142012626,1.9274447949526814,0.5980621205176248,0.2192448260848508,0.04622552944070783,0.009848925629408829,0.00015546979084001526,0.0016941832657602,-0.00014138994717778413,0.006329113924050633,0.006289308176100629,0.006329113924050633,0.006289308176100629
0.28097466960352424,2.3645833333333335,0.7240331109318607,0.3506066329336187,0.09430726279779228,0.017961372671665126,0.0004452783940914495,0.0017318997129675958,0.0005900795398179069,0.006944444444444444,0.006944444444444444,0.006944444444444444,0.006944444444444444
0.3184002541800707,1.4155844155844155,0.567731193708093,0.196372867933994,0.02486795308538182,0.003084093376418279,-6.239362862318039e-07,-0.000579213300653067,2.7001965975788444e-05,0.008695652173913044,0.008620689655172414,0.008695652173913044,0.008620689655172414
0.295405669599218,1.5656565656565657,0.5485255936649726,0.12431379693686795,0.05672442243024439,0.005341816387421125,5.055909351784098e-05,0.0003928851174886729,-7.803980055473266e-05,0.02040816326530612,0.02,0.02040816326530612,0.02
0.5214626391096979,4.352941176470588,0.483344990890839,0.184166305330862,0.08636998139361551,0.07558681270947226,0.0061071528377506555,0.032429584382556456,4.477793492821923e-05,0.125,0.1111111111111111,0.125,0.1111111111111111
0.41517857142857145,4.0,0.5897968196178036,0.2715400009328611,0.2752368130667405,0.24156001137375488,0.06228118264469093,0.1256738607439628,0.0007790315108456396,0.07142857142857142,0.07142857142857142,0.07142857142857142,0.07142857142857142
0.4091198979591837,4.0,0.6055372079993774,0.28668806756538384,0.2898932589205165,0.2539029051547684,0.0688791138035959,0.13573742706265576,0.000849310367157078,0.07142857142857142,0.07142857142857142,0.07142857142857142,0.07142857142857142
0.45549242424242425,3.6666666666666665,0.47785001391162313,0.16568989623520208,0.14187011238107722,0.1233323883436045,0.0163122019911825,0.05014906845132198,0.0002439951883727587,0.08333333333333333,0.08333333333333333,0.08333333333333333,0.08333333333333333
0.4422348484848485,3.6666666666666665,0.5022983380073607,0.18573652176117794,0.15660588225593186,0.13692110724565074,0.020047841864417534,0.058954279700717246,0.0002788644444682246,0.08333333333333333,0.08333333333333333,0.08333333333333333,0.08333333333333333
0.4562641338760742,4.925373134328358,0.5557428098453359,0.24822718609859015,0.16342893043856427,0.14909454844932826,0.02327310497297358,0.074146447868987,8.337550171525973e-05,0.030303030303030304,0.029411764705882353,0.030303030303030304,0.029411764705882353
0.44236265481105114,4.91044776119403,0.5839628568263349,0.2743383831611157,0.18727232344937841,0.1700495672935765,0.030345667485936957,0.08888355065856925,0.00012010203871804827,0.030303030303030304,0.029411764705882353,0.030303030303030304,0.029411764705882353
0.5329391891891891,4.625,0.5121797941471733,0.21388034476159698,0.10187206677531585,0.08910141640305869,0.008488816798796747,0.041178741226513695,4.9251033433057693e-05,0.125,0.125,0.125,0.125
0.5320945945945946,4.625,0.5128567389330807,0.21442704367829996,0.10307208706034993,0.09033320993874494,0.008716320157407274,0.04180562181339564,5.4616043774286666e-05,0.125,0.125,0.125,0.125
0.5247747747747747,4.111111111111111,0.5002971975410135,0.20250036351375633,0.07646999002160483,0.06522185058786927,0.004605910175217517,0.02934984355481038,4.390309677983098e-05,0.1111111111111111,0.1111111111111111,0.1111111111111111,0.1111111111111111
0.5214626391096979,4.352941176470588,0.4833449908908389,0.18416630533086192,0.08636998139361482,0.07558681270947155,0.006107152837750544,0.03242958438255613,4.477793492821663e-05,0.125,0.1111111111111111,0.125,0.1111111111111111
0.5247747747747747,4.111111111111111,0.5002971975410135,0.2025003635137563,0.07646999002160418,0.06522185058786868,0.0046059101752174356,0.029349843554810122,4.3903096779830545e-05,0.1111111111111111,0.1111111111111111,0.1111111111111111,0.1111111111111111
1.0,23.0,1.9198369565217392,3.6597353497164464,0.0,0.0,0.0,0.0,0.0,0.5,0.5,0.5,0.5
0.9331103678929766,7.076923076923077,0.6522432123031421,0.39717167967657024,9.695381176533898e-05,1.0843245648819473e-05,-3.515777553217884e-10,-6.833582366315753e-06,-0.0,0.16666666666666666,0.14285714285714285,0.16666666666666666,0.14285714285714285
1.0,74.5,6.208892617449665,38.52951514008378,0.0,0.0,0.0,0.0,0.0,1.0,1.0,1.0,1.0
1.0,38.5,3.2094155844155843,10.27951857395851,0.0,0.0,0.0,0.0,0.0,1.0,1.0,1.0,1.0
1.0,38.5,3.2094155844155843,10.27951857395851,0.0,0.0,0.0,0.0,0.0,1.0,1.0,1.0,1.0
1.0,19.25,1.6079545454545454,2.5594805458340364,0.0,0.0,0.0,0.0,0.0,0.5,0.5,0.5,0.5
1.0,7.7,0.6522727272727272,0.39796434896272564,0.0,0.0,0.0,0.0,0.0,0.2,0.2,0.2,0.2
1.0,39.0,3.2510683760683765,10.548615676820805,0.0,0.0,0.0,0.0,0.0,1.0,1.0,1.0,1.0
1.0,19.5,1.6287393162393164,2.6267543739498866,0.0,0.0,0.0,0.0,0.0,0.5,0.5,0.5,0.5
0.9974358974358974,7.8,0.6589053995924053,0.4067592708569505,2.4528423586179755e-06,2.692771780010646e-07,-2.1884374579475392e-13,-1.7173874201548955e-07,-0.0,0.2,0.2,0.2,0.2
0.9987179487179487,7.8,0.6596877456288983,0.40774180511913205,6.384913253575231e-07,6.988932158853858e-08,-1.3680853473167285e-14,-4.122057933341386e-08,5.549739321374174e-15,0.2,0.2,0.2,0.2
1.0,24.666666666666668,2.0588505171838505,4.211431166526886,0.0,0.0,0.0,0.0,0.0,0.25,0.2,0.25,0.2
0.9982303732303732,7.928571428571429,0.6700813126596534,0.42132925065175103,1.1501179087426922e-06,1.2691500647268003e-07,-4.6462299844266034e-14,-7.966669447958174e-08,1.387118871001567e-14,0.07142857142857142,0.07142857142857142,0.07142857142857142,0.07142857142857142
0.5133333333333333,3.12,0.4976370434608501,0.1939769173639685,0.0003600736745026634,1.0360347185619915e-05,-2.9421814999841054e-10,-2.7452153650714584e-06,-5.602270357154542e-10,0.08333333333333333,0.07692307692307693,0.08333333333333333,0.07692307692307693
0.2997337843206826,2.510392609699769,0.7686332447726005,0.3915361607612239,0.0011978940604433484,1.960571772887869e-05,1.8378398638823823e-10,1.0437645583450825e-05,-2.9989507842203926e-09,0.004629629629629629,0.004608294930875576,0.004629629629629629,0.004608294930875576
0.4977489315995155,2.473684210526316,0.4435392244961478,0.1324042372264918,0.00013630881520847567,6.323009341308346e-06,1.682887938856341e-10,-1.1701332967778785e-06,7.8340960310747e-11,0.015151515151515152,0.014925373134328358,0.015151515151515152,0.014925373134328358
0.49122807017543857,1.1954887218045114,0.27387004972039947,0.013576305986930754,0.002987212292872839,1.130448307106632e-05,1.460692947258669e-09,1.2556775535279132e-06,1.4770740788736587e-09,0.015151515151515152,0.014925373134328358,0.015151515151515152,0.014925373134328358
0.49122807017543857,1.1954887218045114,0.27387004972039947,0.013576305986930754,0.002987212292872839,1.130448307106632e-05,1.460692947258669e-09,1.2556775535279132e-06,1.4770740788736587e-09,0.015151515151515152,0.014925373134328358,0.015151515151515152,0.014925373134328358
0.3007319150389437,2.5220417633410674,0.7705537538647528,0.3937529880880666,0.0012138356714619727,2.397147231819907e-05,3.5689106076093933e-10,1.2759115614149874e-05,-4.073441683443343e-09,0.004651162790697674,0.004629629629629629,0.004651162790697674,0.004629629629629629
0.4810810810810811,1.48,0.27178048396454285,0.021719094801997112,0.0031651673755515508,5.62599386768727e-05,4.069543530616055e-09,-2.747909630718724e-06,2.338951176548425e-08,0.08333333333333333,0.07692307692307693,0.08333333333333333,0.07692307692307693
0.29584062682337253,1.2976744186046512,0.49646331095831675,0.057525676625172634,0.018058757026637805,0.0002513690514851174,-1.599974328742777e-08,-3.6176573463028156e-05,5.353252752221334e-07,0.004651162790697674,0.004651162790697674,0.004651162790697674,0.004651162790697674
0.5424390243902439,1.64,0.30688925323175026,0.04215887229174621,0.003971144273558011,0.00018969591398533732,-1.5234623056296784e-07,-3.757607971437974e-05,6.24350384869564e-08,0.08333333333333333,0.07692307692307693,0.08333333333333333,0.07692307692307693
0.5538288006015791,1.2784810126582278,0.2987041852634585,0.008520741038908477,1.994991121540241e-05,3.7450574184647015e-05,4.0261771417072637e-10,-2.411824970908957e-06,-9.411645429794914e-10,0.02564102564102564,0.025,0.02564102564102564,0.025
0.4827586206896552,2.5172413793103448,0.4638669858170064,0.13994593044984346,0.0030127242443532725,0.0005448937823881632,3.201729819815824e-07,9.581742493610556e-05,6.204029557162152e-07,0.07142857142857142,0.06666666666666667,0.07142857142857142,0.06666666666666667
0.48194444444444445,1.25,0.35403478197975724,0.01303836340893371,0.00013298707948159458,0.00022448031334355297,-2.0949629568348318e-08,2.4366867153085266e-05,3.264118368240534e-08,0.08333333333333333,0.08333333333333333,0.08333333333333333,0.08333333333333333
0.5376131221719457,1.3076923076923077,0.31908294803628523,0.011385182788034607,0.00010471421246965468,3.600840585272234e-05,-2.1718598390167905e-09,1.646329686236649e-06,-4.1472183571322376e-10,0.038461538461538464,0.038461538461538464,0.038461538461538464,0.038461538461538464
0.38866930171277997,1.434782608695652,0.4732018755568973,0.05811263751788676,0.002364003887718292,0.0012404361404414464,2.097981748933548e-06,0.00029794238463055027,-3.3241054925033924e-07,0.09090909090909091,0.08333333333333333,0.09090909090909091,0.08333333333333333
0.46937321937321935,3.8518518518518516,0.4784603585738048,0.140755518780379,7.951983972221338e-06,3.5318342076760304e-06,-1.8699917606275692e-11,1.3235698486871072e-06,8.014672227655148e-13,0.07692307692307693,0.07142857142857142,0.07692307692307693,0.07142857142857142
0.46937321937321935,3.8518518518518516,0.4784603585738048,0.140755518780379,7.951983972221338e-06,3.5318342076760304e-06,-1.8699917606275692e-11,1.3235698486871072e-06,8.014672227655148e-13,0.07692307692307693,0.07142857142857142,0.07692307692307693,0.07142857142857142
0.37458914812220484,2.4187725631768955,0.4564052088753382,0.056745204540427835,0.00018209634847573094,6.268116224353007e-05,6.6935262516819334e-09,1.4807859343410666e-05,-2.0379877291445277e-10,0.007246376811594203,0.007194244604316547,0.007246376811594203,0.007194244604316547
0.38907563025210085,4.117647058823529,0.5957447044315008,0.22807945876365018,4.891213390229669e-05,7.421226214478555e-05,4.469704672818546e-09,3.533295342859333e-05,-1.1471301660043029e-10,0.125,0.1111111111111111,0.125,0.1111111111111111
0.41034252897138757,4.061224489795919,0.5422521369833102,0.170212326079965,1.231075153296658e-06,7.711539814184588e-07,7.373674828892014e-13,3.1416230122534124e-07,-1.4438249743758805e-13,0.02040816326530612,0.02040816326530612,0.02040816326530612,0.02040816326530612
0.38353042621335304,2.4146341463414633,0.44921508812246946,0.05593530011354271,0.00017261898511827884,5.523562455831569e-05,5.382568236100494e-09,1.2881582388506528e-05,-3.4370966387918837e-10,0.024390243902439025,0.024390243902439025,0.024390243902439025,0.024390243902439025
0.34380692167577415,3.8125,0.6667044555310256,0.24475922343035497,6.429782707710298e-05,0.00014319107748269363,1.3607736507251235e-08,7.050135631715977e-05,1.8985183171825378e-09,0.041666666666666664,0.041666666666666664,0.041666666666666664,0.041666666666666664
0.5015782828282829,2.4444444444444446,0.34370949789629957,0.033624782375315874,9.500543034806987e-06,3.1772016374929653e-06,-6.577948973230781e-13,-2.692751956640942e-07,1.7443466924010922e-11,0.05555555555555555,0.05555555555555555,0.05555555555555555,0.05555555555555555
0.46937321937321935,3.8518518518518516,0.4784603585738048,0.140755518780379,7.951983972221338e-06,3.5318342076760304e-06,-1.8699917606275692e-11,1.3235698486871072e-06,8.014672227655148e-13,0.07692307692307693,0.07142857142857142,0.07692307692307693,0.07142857142857142
0.8650793650793651,0.7777777777777778,0.17524829559801358,0.003721717140225258,0.0003947149418999879,1.2827659213926677e-05,9.121449743412475e-10,7.645176565762569e-07,3.386076890847794e-11,0.1111111111111111,0.1111111111111111,0.1111111111111111,0.1111111111111111
0.7541666666666667,0.6,0.20003032172906032,0.011438249086445836,0.0008116731816032038,7.095106297146122e-05,3.0427004833107932e-09,-9.13826963582888e-08,1.675256544641034e-08,0.1,0.1,0.1,0.1
0.7923875432525952,1.0,0.17757131761882705,0.0019589848051662804,0.0008463248543942267,2.656573181363162e-05,-2.4477728265180334e-09,-9.028645817238845e-07,-3.1425605472562743e-09,0.125,0.1111111111111111,0.125,0.1111111111111111
0.6345029239766082,0.9473684210526315,0.219968208059393,0.020736448557929974,6.16428065295592e-05,1.0405495373703469e-05,4.0518807244721755e-11,6.841504529144699e-07,-2.6039964661675193e-10,0.1111111111111111,0.1,0.1111111111111111,0.1
0.7202797202797203,1.1818181818181819,0.17717142525077179,0.004576065031559761,0.00031812325823034056,4.071600730642841e-05,4.4988752028190375e-09,2.211520224435941e-06,1.1104212337876169e-09,0.2,0.16666666666666666,0.2,0.16666666666666666
0.7712218337218337,1.006993006993007,0.164352316484012,1.312957599295569e-06,2.6564149890872997e-10,2.911915580867164e-07,-2.47946957178365e-15,-9.798345676728591e-11,-6.412094590920267e-16,0.014084507042253521,0.013888888888888888,0.014084507042253521,0.013888888888888888
0.7892156862745098,0.49038461538461536,0.20251499356311525,0.01565432594379908,1.6459845568117598e-06,9.757185331053291e-08,-2.0449542137486198e-14,-8.181902721117981e-09,-3.3328483716205525e-14,0.019230769230769232,0.019230769230769232,0.019230769230769232,0.019230769230769232
0.7826991418913062,0.5971223021582733,0.1819384589606118,0.007470507163640497,3.3060919400702744e-08,2.5266015901421603e-09,1.3785086331646301e-17,2.1837777097388838e-10,-1.8526048349416665e-17,0.014492753623188406,0.014285714285714285,0.014492753623188406,0.014285714285714285
0.7826991418913062,0.5971223021582733,0.1819384589606118,0.007470507163640497,3.3060919400702744e-08,2.5266015901421603e-09,1.3785086331646301e-17,2.1837777097388838e-10,-1.8526048349416665e-17,0.014492753623188406,0.014285714285714285,0.014492753623188406,0.014285714285714285
0.9726829268292683,0.6097560975609756,0.18426021239029633,0.007104330167667052,1.0880497655263028e-07,7.323999862871894e-09,-1.8409687444575066e-16,-6.171773066486323e-10,9.409659735572835e-17,0.01639344262295082,0.016129032258064516,0.01639344262295082,0.016129032258064516
