{
  "accidentalFlat": "Flat",
  "accidentalNatural": "Natural",
  "accidentalSharp": "Sharp",
  "articStaccatissimoAbove": "Staccatissimo",
  "articStaccatoAbove": "Dot",
  "articTenutoBelow": "Tenuto",
  "augmentationDot": "Dot",
  "barlineDouble": "Barline",
  "barlineSingle": "Barline",
  "brace": "Brace",
  "coda": "Coda",
  "codaSquare": "Coda-Square",
  "dynamicMP": "Other",
  "dynamicPiano": "Other",
  "fClef": "F-Clef",
  "fClefChange": "F-Clef",
  "flag8thDown": "Eighth-Flag",
  "flag8thUp": "Eighth-Flag",
  "flag16thUp": "Sixteenth-Flag",
  "flag32ndUp": "Thirty-Two-Flag",
  "flag128thDown": "Onehundred-Twenty-Eight-Flag",
  "gClef": "G-Clef",
  "gClefChange": "G-Clef",
  "graceNoteAcciaccaturaStemUp": "Eighth-Grace-Note",
  "graceNoteAppoggiaturaStemUp": "Eighth-Note",
  "keyFlat": "Flat",
  "keySharp": "Sharp",
  "noteheadBlack": "Full-Note-Head",
  "noteheadBlackSmall": "Full-Note-Head",
  "noteheadHalf": "Half-Note-Head",
  "noteheadWhole": "Whole-Note",
  "rest8th": "Eighth-Rest",
  "rest16th": "Sixteenth-Rest",
  "rest32nd": "Thirty-Two-Rest",
  "rest64th": "Sixty-Four-Rest",
  "rest128th": "Onehundred-Twenty-Eight-Rest",
  "restHalf": "Whole-Half-Rest",
  "restQuarter": "Quarter-Rest",
  "restWhole": "Whole-Half-Rest",
  "segno": "Segno",
  "stem": "Stem",
  "timeSig4over4": "4-4-Time",
  "timeSigCommon": "Common-Time",
  "timeSigCutCommon": "Cut-Time",
  "tuplet3": "Other"
}