{
  "rest8th": "Eighth-Rest",
  "rest16th": "Sixteenth-Rest",
  "rest32nd": "ThirtySecond-Rest",
  "rest64th": "SixtyFourth-Rest",
  "articulationAccent": "Accent",
  "arpeggio": "Arpeggio",
  "beam": "Beam",
  "breathMark": "Breath-Mark",
  "cClef": "C-Clef",
  "dottedHorizontalSpanner": "Dotted-Horizontal-Spanner",
  "accidentalDoubleSharp": "Double-Sharp",
  "augmentationDot": "Dot",
  "dynamicsText": "Other",
  "fClef": "F-Clef",
  "fermataAbove": "Fermata",
  "fermataBelow": "Fermata",
  "accidentalFlat": "Flat",
  "gClef": "G-Clef",
  "glissando": "Glissando",
  "dynamicCrescendoHairpin": "Hairpin-Crescendo",
  "dynamicDiminuendoHairpin": "Hairpin-Decrescendo",
  "restHalf": "Whole-Half-Rest",
  "horizontalSpanner": "Horizontal-Spanner",
  "instrumentSpecific": "Other",
  "characterSmallA": "Other",
  "characterSmallB": "Other",
  "characterSmallC": "Other",
  "characterSmallD": "Other",
  "characterSmallE": "Other",
  "characterSmallF": "Letter-F",
  "characterSmallG": "Other",
  "characterSmallI": "Other",
  "characterSmallJ": "Other",
  "characterSmallL": "Other",
  "characterSmallM": "Letter-M",
  "characterSmallN": "Other",
  "characterSmallO": "Other",
  "characterOther": "Other",
  "characterSmallP": "Letter-P",
  "characterSmallR": "Other",
  "characterSmallS": "Letter-S",
  "characterSmallT": "Other",
  "characterSmallU": "Other",
  "characterSmallV": "Other",
  "characterSmallX": "Other",
  "characterSmallZ": "Letter-Z",
  "measureSeparator": "Barline",
  "multiMeasureRest": "Double-Whole-Rest",
  "brace": "Brace",
  "bracket": "Brace",
  "accidentalNatural": "Natural",
  "noteheadWhole": "Whole-Note",
  "numeral0": "Other",
  "numeral1": "Other",
  "numeral2": "Other",
  "numeral3": "Other",
  "numeral4": "Other",
  "numeral5": "Other",
  "numeral6": "Other",
  "numeral7": "Other",
  "numeral8": "Other",
  "otherNumericSign": "Other",
  "otherText": "Other",
  "characterdot": "Dot",
  "restQuarter": "Quarter-Rest",
  "repeat": "Barline",
  "repeat1Bar": "Repeat-Measure",
  "repeatDot": "Dot",
  "accidentalSharp": "Sharp",
  "slur": "Tie-Slur",
  "articulationStaccato": "Dot",
  "staffGrouping": "Brace",
  "articulationMarcatoAbove": "Marcato",
  "articulationMarcatoBelow": "Marcato",
  "tempoText": "Other",
  "articulationTenuro": "Tenuto",
  "barlineHeavy": "Barline",
  "barline": "Barline",
  "tie": "Tie-Slur",
  "transpositionText": "Other",
  "ornamentTrill": "Trill",
  "wiggleTrill": "Trill-Wobble",
  "tremoloMark": "Tremolo-Mark",
  "tuple": "Other",
  "unclassified": "Other",
  "volta": "Volta",
  "restWhole": "Whole-Half-Rest",
  "timeSigCommon": "Common-Time"
}